Temperature,Exhaust Vacuum,Ambient Pressure,Relative Humidity
19.6,59.21,1017.65,86.29
25.98,60.95,1014.5,"48,01"
23.39,63.94,jrlhh,89.94
-16649999.999999998,46.18,1010.6,95.69
26.54,-66510000.00000001,1015.39,51.22
21.01,"58,96",1014.33,61.8
22.57,bbpoq,yiqew,
25.01,66.56,1009.68,-64940000.0
29.77,,1005.82,48.38
9.42,39.64,1010.86,74.03
